sample	n_processed	n_pseudoaligned	n_unique	p_pseudoaligned	p_unique	n_bootstraps	n_targets	kallisto_version
NS.1574.001.NEBNext_dual_i7_221---NEBNext_dual_i5_269.39dFLR	23414246	18029475	17031525	77.0	72.7	100	37659	0.48.0
NS.1574.001.NEBNext_dual_i7_222---NEBNext_dual_i5_270.40aFLR	38984947	30245870	28531797	77.6	73.2	100	37659	0.48.0
NS.1574.001.NEBNext_dual_i7_223---NEBNext_dual_i5_271.41cFLR	23437737	18293462	17391383	78.1	74.2	100	37659	0.48.0
NS.1574.001.NEBNext_dual_i7_224---NEBNext_dual_i5_272.42dFLR	30700908	23371980	22223411	76.1	72.4	100	37659	0.48.0
NS.1574.001.NEBNext_dual_i7_225---NEBNext_dual_i5_273.43aFLR	22120081	17179685	16270628	77.7	73.6	100	37659	0.48.0
NS.1574.001.NEBNext_dual_i7_228---NEBNext_dual_i5_276.46aFLR	21179572	16116372	15212573	76.1	71.8	100	37659	0.48.0
NS.1574.001.NEBNext_dual_i7_229---NEBNext_dual_i5_277.47fFLR	26757888	19919209	18995711	74.4	71.0	100	37659	0.48.0
NS.1574.001.NEBNext_dual_i7_230---NEBNext_dual_i5_278.48cFLR	24020971	18655207	17672885	77.7	73.6	100	37659	0.48.0
NS.1574.001.NEBNext_dual_i7_231---NEBNext_dual_i5_279.49bFLR	25110204	19468334	18506590	77.5	73.7	100	37659	0.48.0
NS.1574.001.NEBNext_dual_i7_232---NEBNext_dual_i5_280.50aFLR	20252697	15690310	14886790	77.5	73.5	100	37659	0.48.0
NS.1574.001.NEBNext_dual_i7_233---NEBNext_dual_i5_281.51fFLR	24709224	19108306	18123972	77.3	73.3	100	37659	0.48.0
NS.1574.001.NEBNext_dual_i7_235---NEBNext_dual_i5_283.53cFLR	24590164	18996680	18038469	77.3	73.4	100	37659	0.48.0
NS.1574.001.NEBNext_dual_i7_236---NEBNext_dual_i5_284.54aFLR	22070920	16702706	15871295	75.7	71.9	100	37659	0.48.0
NS.1574.001.NEBNext_dual_i7_237---NEBNext_dual_i5_285.55cFLR	21520506	16632529	15815568	77.3	73.5	100	37659	0.48.0
NS.1574.001.NEBNext_dual_i7_238---NEBNext_dual_i5_286.56aFLR	19082140	14622660	13823402	76.6	72.4	100	37659	0.48.0
NS.1574.001.NEBNext_dual_i7_239---NEBNext_dual_i5_287.57cFLR	25707837	19692854	18767512	76.6	73.0	100	37659	0.48.0
NS.1574.001.NEBNext_dual_i7_240---NEBNext_dual_i5_288.58bFLR	21853794	16750717	15869948	76.6	72.6	100	37659	0.48.0
NS.1574.001.NEBNext_dual_i7_241---NEBNext_dual_i5_289.59aFLR	27249071	20721272	19648385	76.0	72.1	100	37659	0.48.0
NS.1574.001.NEBNext_dual_i7_242---NEBNext_dual_i5_290.60cFLR	34953616	27039159	25621065	77.4	73.3	100	37659	0.48.0
NS.1574.001.NEBNext_dual_i7_243---NEBNext_dual_i5_291.61fFLR	30145219	23337281	22123224	77.4	73.4	100	37659	0.48.0
NS.1574.001.NEBNext_dual_i7_244---NEBNext_dual_i5_292.62dFLR	21552687	16488406	15632972	76.5	72.5	100	37659	0.48.0
NS.1574.001.NEBNext_dual_i7_245---NEBNext_dual_i5_197.63fFLR	23486608	17733967	16771605	75.5	71.4	100	37659	0.48.0
NS.1574.001.NEBNext_dual_i7_246---NEBNext_dual_i5_198.64aFLR	26336128	20157309	19099721	76.5	72.5	100	37659	0.48.0
NS.1574.001.NEBNext_dual_i7_247---NEBNext_dual_i5_199.65dFLR	25427194	19624408	18649176	77.2	73.3	100	37659	0.48.0
NS.1574.001.NEBNext_dual_i7_248---NEBNext_dual_i5_200.66aFLR	25823184	19667976	18654440	76.2	72.2	100	37659	0.48.0
NS.1574.001.NEBNext_dual_i7_249---NEBNext_dual_i5_201.67eFLR	23625471	17870003	17016566	75.6	72.0	100	37659	0.48.0
NS.1574.001.NEBNext_dual_i7_250---NEBNext_dual_i5_202.68cFLR	38995391	30437298	28770772	78.1	73.8	100	37659	0.48.0
NS.1574.001.NEBNext_dual_i7_251---NEBNext_dual_i5_203.69aFLR	22340663	17367829	16445491	77.7	73.6	100	37659	0.48.0
NS.1574.001.NEBNext_dual_i7_252---NEBNext_dual_i5_204.70fFLR	22136670	16426169	15586338	74.2	70.4	100	37659	0.48.0
NS.1574.001.NEBNext_dual_i7_253---NEBNext_dual_i5_205.71aFLR	25277467	19486477	18483989	77.1	73.1	100	37659	0.48.0
NS.1574.001.NEBNext_dual_i7_254---NEBNext_dual_i5_206.72dFLR	24064655	18695695	17594042	77.7	73.1	100	37659	0.48.0
NS.1574.001.NEBNext_dual_i7_255---NEBNext_dual_i5_207.73dFLR	20270778	15568203	14754241	76.8	72.8	100	37659	0.48.0
NS.1574.001.NEBNext_dual_i7_256---NEBNext_dual_i5_208.74eFLR	22579935	17498607	16512419	77.5	73.1	100	37659	0.48.0
NS.1574.001.NEBNext_dual_i7_257---NEBNext_dual_i5_209.75dFLR	27424320	21304604	20111135	77.7	73.3	100	37659	0.48.0
NS.1574.001.NEBNext_dual_i7_258---NEBNext_dual_i5_210.76dFLR	22422304	17287289	16365947	77.1	73.0	100	37659	0.48.0
NS.1574.001.NEBNext_dual_i7_259---NEBNext_dual_i5_211.77fFLR	13013854	9973783	9477747	76.6	72.8	100	37659	0.48.0
NS.1574.001.NEBNext_dual_i7_260---NEBNext_dual_i5_212.78aFLR	22098803	16944140	16014937	76.7	72.5	100	37659	0.48.0
NS.1574.001.NEBNext_dual_i7_261---NEBNext_dual_i5_213.79aFLR	20942525	16113087	15257697	76.9	72.9	100	37659	0.48.0
NS.1574.001.NEBNext_dual_i7_262---NEBNext_dual_i5_214.80bFLR	20968381	16234943	15327440	77.4	73.1	100	37659	0.48.0
NS.1574.001.NEBNext_dual_i7_263---NEBNext_dual_i5_215.81cFLR	20576875	15801869	14940653	76.8	72.6	100	37659	0.48.0
NS.1574.002.NEBNext_dual_i7_100---NEBNext_dual_i5_100.24fMLR	28270981	21222962	20157693	75.1	71.3	100	37659	0.48.0
NS.1574.002.NEBNext_dual_i7_101---NEBNext_dual_i5_101.25dMLR	28050370	21317341	20346561	76.0	72.5	100	37659	0.48.0
NS.1574.002.NEBNext_dual_i7_102---NEBNext_dual_i5_102.26fMLR	23473409	17639670	16786695	75.1	71.5	100	37659	0.48.0
NS.1574.002.NEBNext_dual_i7_103---NEBNext_dual_i5_103.27eMLR	19678341	14873561	14137447	75.6	71.8	100	37659	0.48.0
NS.1574.002.NEBNext_dual_i7_104---NEBNext_dual_i5_104.28dMLR	26162341	19703560	18814622	75.3	71.9	100	37659	0.48.0
NS.1574.002.NEBNext_dual_i7_105---NEBNext_dual_i5_105.29eMLR	24228138	17368135	16498141	71.7	68.1	100	37659	0.48.0
NS.1574.002.NEBNext_dual_i7_106---NEBNext_dual_i5_106.30fMLR	18618763	14086300	13349127	75.7	71.7	100	37659	0.48.0
NS.1574.002.NEBNext_dual_i7_107---NEBNext_dual_i5_107.31eMLR	21491348	16104425	15298053	74.9	71.2	100	37659	0.48.0
NS.1574.002.NEBNext_dual_i7_108---NEBNext_dual_i5_108.32aMLR	19224076	14385738	13685151	74.8	71.2	100	37659	0.48.0
NS.1574.002.NEBNext_dual_i7_109---NEBNext_dual_i5_109.33aMLR	19505134	14278139	13543320	73.2	69.4	100	37659	0.48.0
NS.1574.002.NEBNext_dual_i7_110---NEBNext_dual_i5_110.34cMLR	23883801	18159068	17314454	76.0	72.5	100	37659	0.48.0
NS.1574.002.NEBNext_dual_i7_111---NEBNext_dual_i5_111.35aMLR	23270364	17766103	16944044	76.3	72.8	100	37659	0.48.0
NS.1574.002.NEBNext_dual_i7_112---NEBNext_dual_i5_112.36cMLR	21314930	16289906	15502298	76.4	72.7	100	37659	0.48.0
NS.1574.002.NEBNext_dual_i7_113---NEBNext_dual_i5_113.37fMLR	27393508	20560909	19633446	75.1	71.7	100	37659	0.48.0
NS.1574.002.NEBNext_dual_i7_114---NEBNext_dual_i5_114.38bMLR	21737917	16766441	15922069	77.1	73.2	100	37659	0.48.0
NS.1574.002.NEBNext_dual_i7_115---NEBNext_dual_i5_115.39fMLR	22613466	16851797	16007910	74.5	70.8	100	37659	0.48.0
NS.1574.002.NEBNext_dual_i7_116---NEBNext_dual_i5_116.40bMLR	19260622	14552202	13877699	75.6	72.1	100	37659	0.48.0
NS.1574.002.NEBNext_dual_i7_117---NEBNext_dual_i5_117.41eMLR	21028048	15930998	15248426	75.8	72.5	100	37659	0.48.0
NS.1574.002.NEBNext_dual_i7_118---NEBNext_dual_i5_118.42cMLR	23623400	17939622	17194500	75.9	72.8	100	37659	0.48.0
NS.1574.002.NEBNext_dual_i7_120---NEBNext_dual_i5_120.44bMLR	23274185	17747869	16964116	76.3	72.9	100	37659	0.48.0
NS.1574.002.NEBNext_dual_i7_121---NEBNext_dual_i5_121.45dMLR	19581862	14752089	14026763	75.3	71.6	100	37659	0.48.0
NS.1574.002.NEBNext_dual_i7_122---NEBNext_dual_i5_122.46eMLR	20405406	15872586	15131363	77.8	74.2	100	37659	0.48.0
NS.1574.002.NEBNext_dual_i7_123---NEBNext_dual_i5_123.47dMLR	21305232	15732468	14993502	73.8	70.4	100	37659	0.48.0
NS.1574.002.NEBNext_dual_i7_124---NEBNext_dual_i5_124.48aMLR	20499705	15478847	14645098	75.5	71.4	100	37659	0.48.0
NS.1574.002.NEBNext_dual_i7_125---NEBNext_dual_i5_125.49fMLR	21648198	16274662	15512267	75.2	71.7	100	37659	0.48.0
NS.1574.002.NEBNext_dual_i7_126---NEBNext_dual_i5_126.50bMLR	36328300	27670775	26401170	76.2	72.7	100	37659	0.48.0
NS.1574.002.NEBNext_dual_i7_127---NEBNext_dual_i5_127.51dMLR	29400094	22451197	21415354	76.4	72.8	100	37659	0.48.0
NS.1574.002.NEBNext_dual_i7_128---NEBNext_dual_i5_128.52eMLR	25400339	19453603	18674058	76.6	73.5	100	37659	0.48.0
NS.1574.002.NEBNext_dual_i7_129---NEBNext_dual_i5_129.53bMLR	22752949	17172321	16369225	75.5	71.9	100	37659	0.48.0
NS.1574.002.NEBNext_dual_i7_130---NEBNext_dual_i5_130.54bMLR	21801814	16593868	15850798	76.1	72.7	100	37659	0.48.0
NS.1574.002.NEBNext_dual_i7_131---NEBNext_dual_i5_131.55dMLR	24072233	18068915	17255563	75.1	71.7	100	37659	0.48.0
NS.1574.002.NEBNext_dual_i7_132---NEBNext_dual_i5_132.56eMLR	19223242	14256342	13489273	74.2	70.2	100	37659	0.48.0
NS.1574.002.NEBNext_dual_i7_133---NEBNext_dual_i5_133.57aMLR	20949447	15599977	14939491	74.5	71.3	100	37659	0.48.0
NS.1574.002.NEBNext_dual_i7_134---NEBNext_dual_i5_134.58fMLR	21088467	15774521	15049133	74.8	71.4	100	37659	0.48.0
NS.1574.002.NEBNext_dual_i7_135---NEBNext_dual_i5_135.59cMLR	20787752	15694722	14978679	75.5	72.1	100	37659	0.48.0
NS.1574.002.NEBNext_dual_i7_136---NEBNext_dual_i5_136.60fMLR	23622003	17962035	17136252	76.0	72.5	100	37659	0.48.0
NS.1574.002.NEBNext_dual_i7_137---NEBNext_dual_i5_137.61cMLR	32570831	23103440	21949117	70.9	67.4	100	37659	0.48.0
NS.1574.002.NEBNext_dual_i7_138---NEBNext_dual_i5_138.62bMLR	24341141	18128398	17275041	74.5	71.0	100	37659	0.48.0
NS.1574.002.NEBNext_dual_i7_139---NEBNext_dual_i5_139.63aMLR	20366263	15111104	14407767	74.2	70.7	100	37659	0.48.0
NS.1574.002.NEBNext_dual_i7_140---NEBNext_dual_i5_140.65cMLR	25830897	19432779	18534892	75.2	71.8	100	37659	0.48.0
NS.1574.002.NEBNext_dual_i7_141---NEBNext_dual_i5_141.66dMLR	21449917	16048491	15314456	74.8	71.4	100	37659	0.48.0
NS.1574.002.NEBNext_dual_i7_142---NEBNext_dual_i5_142.67fMLR	21798565	16216595	15486529	74.4	71.0	100	37659	0.48.0
NS.1574.002.NEBNext_dual_i7_143---NEBNext_dual_i5_143.68eMLR	23891242	18366082	17460002	76.9	73.1	100	37659	0.48.0
NS.1574.002.NEBNext_dual_i7_144---NEBNext_dual_i5_144.69dMLR	32288528	23983651	22696393	74.3	70.3	100	37659	0.48.0
NS.1574.002.NEBNext_dual_i7_145---NEBNext_dual_i5_145.70bMLR	22381085	16439730	15599689	73.5	69.7	100	37659	0.48.0
NS.1574.002.NEBNext_dual_i7_146---NEBNext_dual_i5_146.71eMLR	36606732	27732305	26441247	75.8	72.2	100	37659	0.48.0
NS.1574.002.NEBNext_dual_i7_147---NEBNext_dual_i5_147.73aMLR	24014241	18234353	17385225	75.9	72.4	100	37659	0.48.0
NS.1574.002.NEBNext_dual_i7_148---NEBNext_dual_i5_148.74bMLR	36617245	27689773	26357082	75.6	72.0	100	37659	0.48.0
NS.1574.002.NEBNext_dual_i7_149---NEBNext_dual_i5_149.75fMLR	21248272	16025635	15235412	75.4	71.7	100	37659	0.48.0
NS.1574.002.NEBNext_dual_i7_150---NEBNext_dual_i5_150.76bMLR	24796587	18389940	17533247	74.2	70.7	100	37659	0.48.0
NS.1574.002.NEBNext_dual_i7_151---NEBNext_dual_i5_151.77bMLR	19374457	14637738	13976795	75.6	72.1	100	37659	0.48.0
NS.1574.002.NEBNext_dual_i7_152---NEBNext_dual_i5_152.78eMLR	27145132	20089030	19115356	74.0	70.4	100	37659	0.48.0
NS.1574.002.NEBNext_dual_i7_153---NEBNext_dual_i5_153.79bMLR	28729279	21342384	20319977	74.3	70.7	100	37659	0.48.0
NS.1574.002.NEBNext_dual_i7_154---NEBNext_dual_i5_154.80aMLR	22285796	16502780	15703080	74.1	70.5	100	37659	0.48.0
NS.1574.002.NEBNext_dual_i7_155---NEBNext_dual_i5_155.81dMLR	23574338	18015081	17198951	76.4	73.0	100	37659	0.48.0
NS.1574.002.NEBNext_dual_i7_156---NEBNext_dual_i5_156.1dFLR	22062003	16739468	15904606	75.9	72.1	100	37659	0.48.0
NS.1574.002.NEBNext_dual_i7_157---NEBNext_dual_i5_157.2fFLR	16923579	12730057	12158378	75.2	71.8	100	37659	0.48.0
NS.1574.002.NEBNext_dual_i7_158---NEBNext_dual_i5_158.3bFLR	24338736	18101529	17147846	74.4	70.5	100	37659	0.48.0
NS.1574.002.NEBNext_dual_i7_159---NEBNext_dual_i5_159.4cFLR	21497866	16173189	15427112	75.2	71.8	100	37659	0.48.0
NS.1574.002.NEBNext_dual_i7_160---NEBNext_dual_i5_160.5dFLR	20563422	15597080	14836947	75.8	72.2	100	37659	0.48.0
NS.1574.002.NEBNext_dual_i7_162---NEBNext_dual_i5_162.32fFLR	28376256	20705355	19716518	73.0	69.5	100	37659	0.48.0
NS.1574.002.NEBNext_dual_i7_163---NEBNext_dual_i5_163.33fFLR	26787156	19605675	18608248	73.2	69.5	100	37659	0.48.0
NS.1574.002.NEBNext_dual_i7_164---NEBNext_dual_i5_164.34fFLR	19936395	14606614	13949946	73.3	70.0	100	37659	0.48.0
NS.1574.002.NEBNext_dual_i7_165---NEBNext_dual_i5_165.35bFLR	25090395	18908129	18017763	75.4	71.8	100	37659	0.48.0
NS.1574.002.NEBNext_dual_i7_166---NEBNext_dual_i5_166.36dFLR	35664150	26161598	24939943	73.4	69.9	100	37659	0.48.0
NS.1574.002.NEBNext_dual_i7_167---NEBNext_dual_i5_167.38dFLR	28092357	21316129	20186710	75.9	71.9	100	37659	0.48.0
NS.1574.002.NEBNext_dual_i7_169---NEBNext_dual_i5_169.23fFLR	21076535	15621617	14836003	74.1	70.4	100	37659	0.48.0
NS.1574.002.NEBNext_dual_i7_170---NEBNext_dual_i5_170.24aFLR	28749957	21826380	20806893	75.9	72.4	100	37659	0.48.0
NS.1574.002.NEBNext_dual_i7_171---NEBNext_dual_i5_171.25aFLR	27871738	21375013	20297050	76.7	72.8	100	37659	0.48.0
NS.1574.002.NEBNext_dual_i7_172---NEBNext_dual_i5_172.27cFLR	22161951	16578479	15789625	74.8	71.2	100	37659	0.48.0
NS.1574.002.NEBNext_dual_i7_173---NEBNext_dual_i5_173.28cFLR	23213856	17477335	16636815	75.3	71.7	100	37659	0.48.0
NS.1574.002.NEBNext_dual_i7_174---NEBNext_dual_i5_174.29cFLR	21196131	16155192	15347747	76.2	72.4	100	37659	0.48.0
NS.1574.002.NEBNext_dual_i7_175---NEBNext_dual_i5_175.30bFLR	21417585	14877959	14169078	69.5	66.2	100	37659	0.48.0
NS.1574.002.NEBNext_dual_i7_176---NEBNext_dual_i5_176.31dFLR	19806817	14902831	14170386	75.2	71.5	100	37659	0.48.0
NS.1574.002.NEBNext_dual_i7_177---NEBNext_dual_i5_177.14bFLR	32889641	23892719	22729634	72.6	69.1	100	37659	0.48.0
NS.1574.002.NEBNext_dual_i7_178---NEBNext_dual_i5_178.15aFLR	24918133	18852101	17936861	75.7	72.0	100	37659	0.48.0
NS.1574.002.NEBNext_dual_i7_179---NEBNext_dual_i5_179.16aFLR	25875155	19589896	18588319	75.7	71.8	100	37659	0.48.0
NS.1574.002.NEBNext_dual_i7_180---NEBNext_dual_i5_180.17aFLR	21289491	15946334	15254903	74.9	71.7	100	37659	0.48.0
NS.1574.002.NEBNext_dual_i7_181---NEBNext_dual_i5_181.18aFLR	23355062	17735342	16867143	75.9	72.2	100	37659	0.48.0
NS.1574.002.NEBNext_dual_i7_182---NEBNext_dual_i5_182.19eFLR	23713364	17757249	16934115	74.9	71.4	100	37659	0.48.0
NS.1574.002.NEBNext_dual_i7_183---NEBNext_dual_i5_183.20bFLR	24065165	18472986	17650641	76.8	73.3	100	37659	0.48.0
NS.1574.002.NEBNext_dual_i7_184---NEBNext_dual_i5_184.22eFLR	29235803	21869801	20849820	74.8	71.3	100	37659	0.48.0
NS.1574.002.NEBNext_dual_i7_185---NEBNext_dual_i5_185.6aFLR	20027447	15158317	14441474	75.7	72.1	100	37659	0.48.0
NS.1574.002.NEBNext_dual_i7_186---NEBNext_dual_i5_186.7cFLR	20784675	15439370	14684424	74.3	70.7	100	37659	0.48.0
NS.1574.002.NEBNext_dual_i7_187---NEBNext_dual_i5_187.8aFLR	23068794	17655256	16898873	76.5	73.3	100	37659	0.48.0
NS.1574.002.NEBNext_dual_i7_188---NEBNext_dual_i5_188.9cFLR	29862383	22571750	21464363	75.6	71.9	100	37659	0.48.0
NS.1574.002.NEBNext_dual_i7_189---NEBNext_dual_i5_189.10bFLR	23457246	17654864	16901505	75.3	72.1	100	37659	0.48.0
NS.1574.002.NEBNext_dual_i7_190---NEBNext_dual_i5_190.11bFLR	21849240	16670526	15853261	76.3	72.6	100	37659	0.48.0
NS.1574.002.NEBNext_dual_i7_191---NEBNext_dual_i5_191.12cFLR	23553440	17986417	17102584	76.4	72.6	100	37659	0.48.0
NS.1574.002.NEBNext_dual_i7_192---NEBNext_dual_i5_192.13bFLR	20903566	15899421	15143266	76.1	72.4	100	37659	0.48.0
NS.1574.002.NEBNext_dual_i7_286---NEBNext_dual_i5_238.44fFLR	24371277	18338531	17404611	75.2	71.4	100	37659	0.48.0
NS.1574.002.NEBNext_dual_i7_287---NEBNext_dual_i5_239.45aFLR	15439345	11246767	10614910	72.8	68.8	100	37659	0.48.0
NS.1574.002.NEBNext_dual_i7_288---NEBNext_dual_i5_240.52cFLR	20680749	15456609	14756941	74.7	71.4	100	37659	0.48.0
NS.1574.002.NEBNext_dual_i7_97---NEBNext_dual_i5_97.20aMLR	20648435	14872784	14211454	72.0	68.8	100	37659	0.48.0
NS.1574.002.NEBNext_dual_i7_98---NEBNext_dual_i5_98.22dMLR	25806398	19577246	18713990	75.9	72.5	100	37659	0.48.0
NS.1574.002.NEBNext_dual_i7_99---NEBNext_dual_i5_99.23aMLR	23231005	17005523	16182471	73.2	69.7	100	37659	0.48.0
NS.1574.002.NEBNext_dual_i7_A11---NEBNext_dual_i5_A11.5aMLR	24647049	19050220	18126786	77.3	73.5	100	37659	0.48.0
NS.1574.002.NEBNext_dual_i7_A12---NEBNext_dual_i5_A12.14eMLR	25242708	19529899	18669752	77.4	74.0	100	37659	0.48.0
NS.1574.002.NEBNext_dual_i7_B11---NEBNext_dual_i5_B11.6dMLR	27358838	20707681	19662276	75.7	71.9	100	37659	0.48.0
NS.1574.002.NEBNext_dual_i7_B12---NEBNext_dual_i5_B12.15dMLR	28967120	22538310	21513410	77.8	74.3	100	37659	0.48.0
NS.1574.002.NEBNext_dual_i7_C11---NEBNext_dual_i5_C11.7bMLR	26243453	20183967	19147863	76.9	73.0	100	37659	0.48.0
NS.1574.002.NEBNext_dual_i7_C12---NEBNext_dual_i5_C12.16bMLR	26035066	20439500	19446188	78.5	74.7	100	37659	0.48.0
NS.1574.002.NEBNext_dual_i7_D11---NEBNext_dual_i5_D11.9bMLR	23903205	18692850	17836925	78.2	74.6	100	37659	0.48.0
NS.1574.002.NEBNext_dual_i7_D12---NEBNext_dual_i5_D12.17bMLR	25097622	19150984	18316762	76.3	73.0	100	37659	0.48.0
NS.1574.002.NEBNext_dual_i7_E10---NEBNext_dual_i5_E10.1fMLR	25687702	20028978	19040237	78.0	74.1	100	37659	0.48.0
NS.1574.002.NEBNext_dual_i7_E11---NEBNext_dual_i5_E11.10aMLR	30132989	23792613	22609574	79.0	75.0	100	37659	0.48.0
NS.1574.002.NEBNext_dual_i7_E12---NEBNext_dual_i5_E12.18cMLR	20719137	16241033	15517710	78.4	74.9	100	37659	0.48.0
NS.1574.002.NEBNext_dual_i7_F10---NEBNext_dual_i5_F10.2bMLR	21029703	16305640	15550592	77.5	73.9	100	37659	0.48.0
NS.1574.002.NEBNext_dual_i7_F11---NEBNext_dual_i5_F11.11aMLR	23950560	18815481	17924063	78.6	74.8	100	37659	0.48.0
NS.1574.002.NEBNext_dual_i7_F12---NEBNext_dual_i5_F12.19aMLR	24308115	19112478	18191477	78.6	74.8	100	37659	0.48.0
NS.1574.002.NEBNext_dual_i7_G10---NEBNext_dual_i5_G10.3dMLR	25372184	19692732	18709814	77.6	73.7	100	37659	0.48.0
NS.1574.002.NEBNext_dual_i7_G11---NEBNext_dual_i5_G11.12fMLR	27995721	21478357	20513485	76.7	73.3	100	37659	0.48.0
NS.1574.002.NEBNext_dual_i7_H10---NEBNext_dual_i5_H10.4aMLR	28281221	22033321	21006332	77.9	74.3	100	37659	0.48.0
NS.1574.002.NEBNext_dual_i7_H11---NEBNext_dual_i5_H11.13aMLR	34475828	26978739	25655249	78.3	74.4	100	37659	0.48.0
NS.1583.002.NEBNext_dual_i7_119---NEBNext_dual_i5_119.43bMLR	51113749	39248097	37405033	76.8	73.2	100	37659	0.48.0
